urbanarea_woeid,populatedplaces_woeid
34819256,2046493
34819258,2122950
34819264,2123811
34819270,2058016
34819272,2120311
34819276,2122419
34819278,2124727
34819280,2124595
34819282,2101097
34819286,2121040
34819290,2082903
34819292,2124058
34819304,2120401
34819308,2121630
34819312,2124125
34819320,2144016
34819332,2262387
34819338,2122385
34819344,2120514
34819348,2120832
34819380,2264971
34819390,2263689
34819394,1969359
34819396,2272619
34819398,2264203
34819404,1935680
34819408,2143706
34819416,1969959
34819424,2143693
34819428,2272527
34819438,2214468
34819442,1969944
34819448,2270164
34819490,1951979
34819492,2271775
34819500,2344276
34819508,2254837
34819516,1936518
34819516,1935520
34819522,2212801
34819544,2255069
34819550,2247978
34819560,1979409
34819564,2255001
34819566,2246483
34819594,2255157
34819606,1935288
34819608,2254891
34819620,2295387
34819630,2254458
34819644,2211387
34819644,2211027
34819650,2211150
34819656,1979428
34819682,2210807
34819692,2294956
34819706,1979403
34819712,2211467
34819716,2254547
34819744,2210977
34819750,2211425
34819764,1970699
34819772,2210871
34819774,2211456
34819778,2295388
34819796,1969888
34819806,2212369
34819816,2254797
34819824,2029043
34819826,2270088
34819828,2272240
34819828,2272628
34819832,2255184
34819834,1352855
34819838,1377642
34819840,1382584
34819842,1270811
34819844,1430323
34819846,1505949
34819848,1405827
34819854,1399579
34819858,1391227
34819864,1409789
34819872,1400758
34819874,1272690
34819878,1400562
34819880,1301518
34819894,1437428
34819896,1479628
34819898,1437582
34819900,1299875
34819902,1306940
34819906,1287314
34819908,1282684
34819910,1396439
34819912,346112
34819914,346060
34819916,346062
34819926,468745
34819928,332520
34819930,466893
34819932,332477
34819936,466891
34819938,467401
34819942,332517
34819946,332481
34819956,346059
34819958,9128
34819960,8376
34819966,9633
34819968,8623
34819970,3016
34819972,8820
34819978,2413588
34819982,2419761
34819984,2513583
34819988,2437501
34819990,2478734
34819994,2484630
34819996,2375993
34819998,2490042
34820000,2441116
34820006,2405641
34820012,2413643
34820014,2477080
34820024,2375607
34820036,2453565
34820040,2477147
34820048,2500105
34820050,2408758
34820058,2449492
34820064,2486791
34820068,2488853
34820076,2402460
34820084,2512682
34820092,2442149
34820094,2404049
34820096,2359634
34820102,2512106
34820104,2434938
34820106,2488828
34820116,2467696
34820140,2391029
34820142,123253
34820144,2464257
34820148,124796
34820152,2395069
34820154,117785
34820162,124834
34820164,133947
34820172,133169
34820174,144186
34820176,111579
34820186,2488916
34820190,2352584
34820192,2357473
34820192,2367231
34820192,2391279
34820194,4225
34820196,2354490
34820204,2465478
34820206,2487384
34820210,9807
34820212,2475687
34820212,2511258
34820216,980275
34820222,18637
34820232,44967
34820234,18365
34820236,560912
34820240,36240
34820246,561536
34820260,36758
34820264,13963
34820268,1094938
34820276,19792
34820282,623356
34820298,560743
34820306,3160
34820318,3444
34820320,2427333
34820324,2502620
34820324,2394207
34820326,2972
34820332,756324
34820344,766356
34820346,755404
34820348,766537
34820350,1540935
34820358,767022
34820362,1257296
34820364,1537598
34820372,1257897
34820384,1539359
34820386,1535450
34820402,1539516
34820408,1253238
34820418,1542773
34820420,1504735
34820422,1374216
34820424,1372774
34820428,1461085
34820436,1375496
34820438,1321151
34820440,1418847
34820442,1373623
34820444,1456351
34820446,1327837
34820448,1336223
34820452,1340974
34820454,1513826
34820456,1341734
34820458,1339615
34820464,1332764
34820476,1534936
34820478,1334760
34820480,1532755
34820484,368559
34820486,368170
34820492,380213
34820494,468397
34820498,395269
34820500,468383
34820504,380328
34820506,468392
34820514,468384
34820526,368164
34820528,468393
34820532,379832
34820536,368155
34820538,2425834
34820544,2406903
34820548,2443349
34820550,2444027
34820554,2441293
34820556,2467421
34820564,2432757
34820574,2522292
34820576,2478307
34820576,2394734
34820578,2463242
34820586,2383551
34820588,2414584
34820598,2402726
34820600,2483145
34820602,2414583
34820614,2354569
34820628,2465941
34820636,2508913
34820638,2378319
34820642,2443844
34820648,2393968
34820662,2352648
34820664,2399902
34820668,2370770
34820674,2470377
34820676,2389922
34820678,2464029
34820690,2522304
34820696,2489025
34820708,114632
34820710,96110
34820714,76381
34820718,161849
34820720,102638
34820722,107143
34820724,1100643
34820726,2449097
34820728,2449097
34820730,2374635
34820730,2405872
34820736,2426209
34820738,2429939
34820740,2399751
34820744,2468214
34820746,2428173
34820748,2464592
34820750,2491946
34820758,2437373
34820764,2355697
34820780,2351598
34820794,2512937
34820796,2353023
34820798,2426007
34820804,2415563
34820804,2364295
34820810,2494688
34820812,2434769
34820814,2434560
34820824,2458593
34820826,2458076
34820840,116572
34820842,133327
34820844,138045
34820846,143928
34820852,125675
34820854,149769
34820862,148574
34820864,150920
34820866,116019
34820868,110978
34820870,150281
34820876,2487796
34820886,761570
34820918,779063
34820920,750535
34820928,750832
34820936,772416
34820942,751115
34820946,736634
34820972,599775
34820980,361938
34820988,765099
34820990,742676
34820992,3458
34820994,2446014
34820996,3474
34821000,3704
34821006,3510
34821008,3518
34821014,3547
34821018,1533
34821026,2507703
34821030,4097
34821032,2357379
34821034,2355326
34821038,4117
34821040,2404826
34821048,4051
34821054,2503418
34821056,2510530
34821058,2404367
34821066,1646
34821076,2489634
34821076,2352646
34821090,2473269
34821094,2523945
34821098,2398993
34821100,2364363
34821104,2362797
34821114,2458019
34821128,2458689
34821138,2499253
34821142,2444995
34821144,2439322
34821148,2353412
34821158,2418046
34821164,2456291
34821168,2510436
34821170,2436076
34821174,2498307
34821176,2480895
34821182,2416022
34821192,2504883
34821202,2354877
34821206,2444674
34821208,2352491
34821208,2381475
34821214,2357112
34821216,4125
34821216,4118
34821220,2459115
34821222,2353019
34821222,2514815
34821222,2354877
34821222,2358820
34821226,2486726
34821230,2515464
34821234,2444832
34821236,2522207
34821238,2434169
34821240,2352719
34821242,2494126
34821246,2494111
34821248,2354286
34821252,2376926
34821254,2466854
34821256,2408453
34821258,2439482
34821260,2365646
34821266,2507158
34821268,2487457
34821274,2428866
34821276,2487129
34821276,2452078
34821280,2470456
34821282,456044
34821288,456232
34821294,455848
34821298,455852
34821300,456709
34821306,455955
34821312,456190
34821320,457091
34821322,458171
34821324,457411
34821326,455929
34821328,455917
34821330,455947
34821332,455995
34821336,455916
34821338,455821
34821338,456363
34821348,459740
34821350,455858
34821352,457177
34821356,455849
34821358,457188
34821360,455863
34821364,455946
34821372,455943
34821378,457249
34821392,461088
34821394,455882
34821396,455986
34821398,455859
34821400,455845
34821402,456309
34821422,455899
34821426,425859
34821428,455973
34821430,455876
34821432,455912
34821436,455963
34821442,455927
34821446,456259
34821452,457006
34821456,455862
34821458,456473
34821460,456446
34821462,466883
34821464,455846
34821466,455870
34821468,455854
34821476,466867
34821478,455861
34821480,455896
34821482,456233
34821484,458055
34821486,457464
34821490,429100
34821506,456109
34821508,466885
34821510,332470
34821514,468055
34821516,456277
34821518,332486
34821520,468078
34821524,468068
34821526,468796
34821530,468073
34821532,468058
34821534,466924
34821542,466951
34821544,459755
34821544,455893
34821544,455824
34821546,455826
34821550,455915
34821556,455823
34821556,455851
34821556,455892
34821558,468739
34821560,455936
34821562,455970
34821586,466888
34821602,466897
34821608,466887
34821614,468739
34821618,466866
34821620,153523
34821622,57999
34821624,368149
34821628,375747
34821630,375734
34821632,375735
34821634,418445
34821638,418443
34821640,418448
34821642,418455
34821646,418723
34821650,418458
34821652,418457
34821654,418460
34821658,418529
34821660,418462
34821662,349864
34821664,349969
34821668,349913
34821670,349960
34821674,349886
34821680,349867
34821686,349961
34821688,349880
34821694,349869
34821696,349921
34821702,349868
34821702,456506
34821704,349879
34821708,349889
34821710,375752
34821730,2099796
34821754,2121557
34821758,2122153
34821816,2124077
34821822,2086397
34821834,2121724
34821844,2121384
34821854,1999725
34821860,2120845
34821872,2053000
34821878,1980953
34821882,2121553
34821904,2120098
34821910,2120102
34821912,2123833
34821914,2123478
34821916,2121369
34821926,2113904
34821928,2095769
34821928,2123927
34821930,2123270
34821940,2122275
34821944,2121571
34821946,1979926
34821958,2124281
34821964,2122358
34821972,2080998
34821974,1983553
34821976,2124226
34821984,2060075
34822010,2122929
34822012,2120310
34822014,1999064
34822016,2123915
34822022,2124624
34822032,2122641
34822038,1980856
34822040,2120140
34822042,2080608
34822044,2260979
34822056,2121055
34822064,2124001
34822066,2010831
34822068,2120217
34822070,2122515
34822076,2123129
34822088,2015408
34822090,2123697
34822092,2121210
34822114,2034135
34822120,2123521
34822128,2036843
34822132,2112593
34822134,1989860
34822136,2120953
34822152,2120110
34822174,2120375
34822192,2124091
34822200,2119986
34822204,2264844
34822206,2264163
34822208,2124147
34822210,2015966
34822212,2264939
34822222,2108026
34822232,2124297
34822234,2256224
34822238,2059824
34822250,2098978
34822256,2122655
34822260,2052596
34822262,2123711
34822272,2121631
34822272,2122814
34822274,2099280
34822276,1985778
34822278,2052932
34822280,2122450
34822282,2122541
34822286,2071585
34822286,2121402
34822288,2055847
34822288,2077746
34822290,2108026
34822290,2124298
34822294,865155
34822296,2051036
34822304,2120055
34822368,568632
34822374,2124387
34822382,890545
34822386,574224
34822404,909319
34822416,906057
34822426,844210
34822430,900751
34822436,863789
34822448,900279
34822450,2121997
34822460,1994143
34822476,910100
34822492,2096827
34822496,2124024
34822510,2121429
34822512,2103878
34822514,552015
34822576,2126042
34822580,1981879
34822584,493417
34822586,665684
34822588,697654
34822592,501584
34822594,689776
34822602,2121383
34822604,827688
34822610,492795
34822614,693920
34822624,521598
34822628,647816
34822642,683160
34822644,488820
34822686,2122558
34822688,735219
34822690,514048
34822692,657169
34822700,685783
34822718,824382
34822720,829969
34822744,933119
34822754,643312
34822808,927912
34822818,664055
34822822,652153
34822824,499162
34822840,652551
34822864,667675
34822882,660709
34822890,790133
34822902,502075
34822908,517126
34822926,916902
34822958,931366
34822972,918180
34822976,790803
34822990,802199
34823022,859336
34823034,898091
34823044,523920
34823054,708228
34823074,690631
34823080,638806
34823082,671072
34823084,795610
34823086,786869
34823112,30704
34823136,734047
34823148,27997
34823164,31278
34823180,967974
34823206,35356
34823222,971718
34823232,588732
34823236,966626
34823240,585596
34823250,582624
34823254,619068
34823264,613858
34823270,729028
34823274,968259
34823276,12723
34823298,2095668
34823304,2121700
34823312,2120083
34823320,2120057
34823324,2123993
34823326,2344452
34823328,2344302
34823332,2344018
34823340,2343977
34823344,2344453
34823346,2343811
34823348,2343999
34823354,1947212
34823364,539713
34823366,866528
34823392,815544
34823396,816063
34823414,781773
34823420,725257
34823426,866081
34823444,871261
34823456,872317
34823480,922097
34823488,879030
34823504,882235
34823534,715399
34823550,933406
34823554,871703
34823558,868274
34823562,944342
34823580,868635
34823588,534762
34823608,838082
34823610,535620
34823626,840473
34823650,847612
34823654,536010
34823662,716751
34823670,838804
34823678,471883
34823698,2343761
34823710,472135
34823714,469692
34823726,949298
34823740,2344436
34823748,723757
34823760,2343819
34823774,721153
34823790,472372
34823812,945084
34823824,713572
34823832,2344250
34823842,2344117
34823846,948031
34823848,948031
34823866,717971
34823868,2343751
34823870,2344114
34823874,2344406
34823878,960013
34823884,2343970
34823890,1442020
34823892,2343678
34823896,2344110
34823898,2323778
34823898,2344423
34823900,1253114
34823914,1253248
34823938,1442370
34823942,1254866
34823944,1253867
34823964,1253228
34823974,950519
34823976,1947135
34823978,841285
34823984,841439
34823986,1442594
34823996,1442300
34824000,1442726
34824020,1442012
34824022,1967449
34824030,1967735
34824032,1942680
34824034,1968924
34824042,1353303
34824048,1353260
34824050,1352552
34824056,783058
34824062,783201
34824070,719975
34824078,850357
34824094,1253079
34824098,1442702
34824104,1960307
34824106,725287
34824108,880241
34824114,710129
34824116,578387
34824122,710722
34824122,710729
34824196,1257184
34824202,608140
34824206,580778
34824218,628886
34824268,925669
34824278,2120213
34824300,2123177
34824302,821782
34824320,663545
34824334,918981
34824338,936939
34824348,823422
34824352,677807
34824358,822721
34824366,918247
34824390,812036
34824400,812897
34824408,613673
34824414,689632
34824416,547826
34824422,879779
34824426,867889
34824430,866625
34824456,815533
34824460,781816
34824468,548536
34824470,480793
34824482,809168
34824486,926840
34824488,481471
34824504,939628
34824510,876890
34824512,636080
34824514,924584
34824516,550763
34824528,629484
34824544,579560
34824574,1394031
34824578,1385123
34824582,1510195
34824584,1404012
34824592,1401607
34824596,954888
34824602,1266711
34824610,1506639
34824618,1301407
34824634,1300470
34824636,1478198
34824638,1478198
34824640,1268465
34824650,1440110
34824662,1268321
34824668,1558573
34824670,1292953
34824682,1323787
34824684,1410425
34824684,1286781
34824690,1448146
34824700,1270305
34824712,1287423
34824714,1517837
34824716,1297604
34824720,1449645
34824726,1291591
34824728,1290222
34824730,1261966
34824734,1261818
34824736,1564691
34824738,1570718
34824740,1568074
34824744,1568789
34824746,1367476
34824758,1468968
34824760,1566193
34824762,1466899
34824766,1467102
34824768,1467360
34824770,1466623
34824772,1467044
34824774,1467255
34824776,1467661
34824778,1466719
34824780,1265829
34824790,1265754
34824806,1585727
34824808,1591195
34824810,1580129
34824812,1590560
34824814,1585116
34824824,1583076
34824828,1591602
34824832,1583674
34824838,1589248
34824842,1586549
34824846,1352362
34824858,1581912
34824860,1586614
34824862,1591691
34824866,1298068
34824868,1279685
34824868,1290062
34824872,1587713
34824872,1582504
34824872,1579744
34824872,1586638
34824872,1580129
34824874,1580913
34824878,1359355
34824926,2211177
34824928,2211574
34824930,2254294
34824932,2211569
34824942,2255305
34824960,2295391
34824986,2254271
34825000,2211369
34825010,2210903
34825026,2295047
34825028,2255202
34825046,2295462
34825066,2295393
34825078,2295463
34825096,2295397
34825102,2211402
34825126,2295026
34825130,2295398
34825136,2295465
34825148,2211189
34825150,1939851
34825166,1939707
34825170,2294797
34825174,2294994
34825186,1939818
34825188,2211296
34825190,2295400
34825198,1940263
34825218,2294997
34825232,1940056
34825256,1940330
34825266,1940048
34825286,2295112
34825290,2268284
34825300,2295130
34825302,2295126
34825308,2295132
34825310,2295406
34825346,2295090
34825350,2295066
34825358,2294869
34825384,2295150
34825388,2295176
34825398,2295191
34825402,1435509
34825414,2295220
34825416,2295162
34825438,2295185
34825454,1939932
34825462,2295419
34825474,2295237
34825476,2295243
34825496,1958951
34825498,2295258
34825508,1313280
34825510,1959070
34825512,2295271
34825518,1318717
34825520,2295276
34825524,2295280
34825532,2295285
34825534,1316680
34825538,1310941
34825540,2295318
34825542,2295422
34825544,2295326
34825546,2295328
34825552,2295337
34825556,2295425
34825580,2254796
34825582,2295020
34825582,2295019
34825582,2295019
34825582,2295396
34825582,2295394
34825584,2269112
34825586,2295379
34825592,2295418
34825594,2268251
34825596,1958653
34825598,1317066
34825602,2294796
34825604,1967057
34825606,1939753
34825612,2295159
34825612,2295409
34825612,2295411
34825614,2295412
34825616,2295415
34825618,2295211
34825628,1526400
34825630,1939688
34825636,1525012
34825642,1436009
34825644,1436817
34825644,1433559
34825648,1437295
34825656,56013543
34825658,1317611
34825660,1451471
34825666,1433895
34825702,1526494
34825708,1526616
34825710,1522502
34825720,1522661
34825726,1979608
34825734,1455409
34825736,1527038
34825738,1451575
34825742,1528507
34825744,1527904
34825746,1453691
34825748,1984592
34825760,2039892
34825760,2121247
34825766,1950634
34825784,1936256
34825790,2214625
34825802,2217763
34825806,2255150
34825820,2254777
34825820,2255289
34825820,2251945
34825820,2255054
34825826,1100696
34825828,1106143
34825830,1104192
34825832,1105353
34825834,1102631
34825836,1100896
34825838,1106206
34825838,7226269
34825840,1104099
34825842,1102916
34825844,1100680
34825850,1104834
34825852,1100778
34825854,1102460
34825856,1104694
34825858,1105553
34825860,2349386
34825860,2348079
34825862,1100071
34825864,1105752
34825868,1103824
34825872,2348712
34825874,2351278
34825876,2350025
34825880,2349669
34825882,2348195
34825884,2348444
34825890,1105779
34825894,2141236
34825902,2141167
34825904,2141229
34825912,12577998
34825914,2141175
34825920,2141200
34825922,2141166
34825924,2141209
34825926,2141185
34825928,2138123
34825930,2138133
34825938,12577998
34825942,2137321
34825944,2149767
34825948,2138154
34825950,2138130
34825960,2149762
34825972,2147987
34825976,2149783
34825978,1093848
34825982,1093881
34825986,2148013
34825996,2150166
34825998,2147998
34826004,2171296
34826010,2149775
34826040,1093867
34826048,2149769
34826052,2148019
34826080,2145618
34826092,2145607
34826094,2169159
34826096,2171291
34826112,2145610
34826124,2171299
34826134,2168350
34826140,2168396
34826146,2168334
34826162,2171295
34826206,1132456
34826228,2154549
34826240,2172740
34826244,2168354
34826258,2168352
34826260,2172759
34826292,2168337
34826302,2168336
34826314,1132481
34826328,2168332
34826344,2135286
34826352,2156958
34826368,2172745
34826400,2127874
34826408,2137091
34826412,2127897
34826418,1117958
34826430,2127870
34826436,2156953
34826440,2171926
34826442,2162981
34826448,2137090
34826480,2127872
34826508,2163900
34826516,2127880
34826518,2158888
34826532,2127868
34826548,2132597
34826554,2163880
34826566,2142491
34826576,2133704
34826582,2133711
34826584,2132588
34826592,2142699
34826598,2133774
34826600,2158451
34826604,2133716
34826610,2146713
34826612,2133705
34826622,2133708
34826624,2139984
34826628,2142700
34826630,2140017
34826632,2139964
34826634,2157956
34826642,2139963
34826646,2139963
34826656,2142703
34826668,2160693
34826670,2159983
34826674,2160696
34826682,2161476
34826688,2139969
34826692,2160720
34826698,2306187
34826706,2161878
34826708,2161867
34826716,2166475
34826728,2167053
34826730,2166473
34826736,2161846
34826744,1233368
34826746,1008194
34826760,1252662
34826764,1226023
34826768,2162784
34826770,1199335
34826772,1140612
34826774,1226206
34826776,1225122
34826780,1226099
34826782,1140595
34826784,1226096
34826788,1252376
34826790,1226222
34826798,1226203
34826806,1226168
34826808,1199575
34826812,1225760
34826816,1226105
34826820,1225985
34826828,1225614
34826832,1226093
34826834,1252522
34826836,1020985
34826838,1252431
34826838,1252547
34826838,1232334
34826840,1252537
34826842,1225964
34826844,1199980
34826846,1226080
34826848,1154757
34826850,2138125
34826854,2171294
34826858,2171288
34826864,2159908
34826868,2154553
34826868,2154547
34826874,2154551
34826876,1132480
34826880,2154556
34826884,2172741
34826902,1117811
34826906,2151849
34826912,2139965
34826916,2161841
34826916,2162312
34826926,28341733
34826930,2151334
34826930,2151330
34826932,2154548
34826934,1132584
34826936,2154555
34826942,2172752
34826944,2127867
34826946,2137082
34826948,2132581
34826948,2132574
34826948,2132597
34826950,2306182
34826950,2306180
34826950,2306180
34826950,2296315
34826950,2306213
34826950,2306189
34826950,2306183
34826950,2306183
34826950,2306181
34826952,1017586
34826962,2143712
34826964,2143697
34826970,2294854
34826972,2294950
34826974,2294951
34826976,1915033
34826978,1915031
34826982,1017369
34826984,55924276
34826984,2289155
34826988,2294824
34826990,2294827
34827016,1915095
34827018,1915118
34827020,29014672
34827022,2294941
34827026,1155160
34827030,1154796
34827032,1155173
34827034,1154679
34827038,1154932
34827042,1154935
34827046,1040779
34827054,1033991
34827058,1048059
34827066,1047679
34827066,1047372
34827068,1154903
34827070,1062617
34827072,1030077
34827072,1047378
34827076,1989727
34827078,2121490
34827086,2141202
34827088,2121914
34827090,2087965
34827092,1984136
34827094,1116988
34827106,1117640
34827112,2049649
34827116,1116973
34827118,1117225
34827178,1118395
34827180,1117681
34827202,1118515
34827204,1117683
34827204,1117554
34827206,1117142
34827210,1117656
34827210,15015371
34827210,1117492
34827210,1118550
34827210,1117502
34827210,1118483
34827210,1117741
34827210,1117341
34827210,1118370
34827214,2441760
34827216,725746
35310543,2124599
35310549,2124028
35310567,1999123
35310577,2120975
35310581,2120227
35310585,2121827
35310587,2141192
35310587,1989965
35310601,2050745
35310613,2121841
35310615,2077553
35310623,2264995
35310629,2090300
35310637,2087783
35310661,2049673
35310667,2264307
35310667,2255777
35310675,2124280
35310689,2261222
35310695,1969792
35310697,1969957
35310705,2262028
35310707,1963698
35310719,1965878
35310719,1966903
35310721,2272667
35310723,2272233
35310725,2272549
35310725,2270268
35310725,2272113
35310729,2272594
35310743,2213821
35310763,2212408
35310777,2272618
35310793,2272585
35310801,2143696
35310835,2143752
35310839,2344385
35310855,1935950
35310859,2272644
35310865,1979127
35310885,1979432
35310893,1979505
35310895,1979435
35310903,2255130
35310907,2255277
35310983,2254714
35311019,2220273
35311029,1979411
35311035,1979497
35311039,2197074
35311043,1979396
35311049,2211170
35311069,1979423
35311073,2245171
35311075,1973057
35311089,2210904
35311121,2272617
35311123,2271577
35311127,2214601
35311127,2214662
35311133,2344480
35311137,2211223
35311137,2211344
35311147,2254572
35311151,1353218
35311153,1257590
35311155,1387841
35311157,1277402
35311159,1393234
35311161,1435221
35311165,1386723
35311169,1387152
35311175,1302869
35311177,1387520
35311179,1392886
35311181,1268389
35311189,1395368
35311191,1404144
35311195,1403873
35311201,1304138
35311205,1479368
35311215,455904
35311217,346057
35311225,346109
35311227,346117
35311231,332473
35311235,466864
35311237,466865
35311247,332474
35311249,419824
35311259,466861
35311269,466889
35311277,332480
35311281,467932
35311287,466973
35311291,4285
35311299,2100
35311301,2512
35311317,2452373
35311319,2438752
35311321,2372641
35311323,2364254
35311327,2465714
35311331,2366355
35311333,2373173
35311339,2474465
35311341,2509104
35311343,2372038
35311345,2413165
35311349,2433280
35311359,2379681
35311367,2411457
35311375,2399257
35311379,2509496
35311385,2412807
35311405,2510744
35311421,2452629
35311423,2376608
35311427,2394672
35311433,2508006
35311447,2478806
35311451,2487460
35311459,2367248
35311461,2442039
35311465,2436703
35311471,2358492
35311481,2488888
35311483,2436084
35311485,2476440
35311487,2382069
35311511,2397747
35311513,2525141
35311515,133475
35311519,2508428
35311521,2450465
35311523,116556
35311523,2397816
35311529,23509269
35311531,111427
35311531,2393258
35311541,115958
35311543,124552
35311547,132141
35311549,141272
35311551,124408
35311555,117994
35311559,133233
35311561,123767
35311565,151495
35311567,55965453
35311569,148963
35311573,124432
35311575,137895
35311577,151551
35311585,2486340
35311589,2423945
35311593,9537
35311597,9818
35311601,55998836
35311603,2362060
35311609,2503523
35311609,2490383
35311615,2385382
35311629,24502
35311643,11504
35311645,44544
35311657,12903
35311681,560472
35311697,13383
35311701,32185
35311705,608644
35311715,2011
35311723,3109
35311727,2412788
35311729,2362416
35311741,758007
35311745,765531
35311755,746194
35311773,752067
35311773,472800
35311783,1537281
35311791,1541306
35311795,1537862
35311807,1539637
35311821,1537782
35311827,1466769
35311831,1417000
35311837,1418246
35311839,1411986
35311847,1369729
35311849,1459339
35311853,1559861
35311855,1485924
35311857,1512815
35311859,1341064
35311861,1344455
35311863,1339611
35311875,1485694
35311881,768026
35311885,1350536
35311889,151960
35311891,468428
35311897,368153
35311901,468390
35311903,395273
35311903,468398
35311911,468386
35311915,395284
35311919,468395
35311925,395275
35311927,368154
35311929,393489
35311931,368152
35311933,377227
35311935,368148
35311937,395276
35311943,2442327
35311943,2457976
35311945,2407171
35311947,2378489
35311949,2400767
35311957,2480894
35311961,2470959
35311963,2482550
35311967,2365044
35311969,2416847
35311971,2367481
35311975,2424359
35311981,2369337
35311983,2380893
35311985,2429523
35311997,2433662
35312001,2483709
35312005,2420693
35312019,2404526
35312021,2389073
35312023,2426010
35312035,2521361
35312037,2508655
35312045,2404517
35312047,2383552
35312051,2445686
35312051,2357024
35312055,2356940
35312057,2501860
35312059,2456750
35312061,2364559
35312069,2434216
35312079,2490716
35312081,2449595
35312095,2515585
35312097,2510659
35312101,2452537
35312105,2387158
35312123,2434800
35312125,2486629
35312127,2408354
35312135,2437921
35312137,2506733
35312153,2475348
35312161,76453
35312167,161685
35312169,109251
35312171,161567
35312177,56220
35312179,80820
35312183,110467
35312185,2361121
35312187,2428344
35312189,2433186
35312189,2488744
35312189,2466256
35312195,2374635
35312195,2405872
35312197,2423770
35312197,2384883
35312197,2384895
35312197,2405797
35312197,2450080
35312197,2517521
35312197,2450022
35312203,2392522
35312207,2520077
35312209,2374855
35312213,2498315
35312215,2499951
35312217,2456621
35312221,2496964
35312221,2359674
35312221,2449323
35312225,2384406
35312227,2447459
35312233,2471945
35312237,2492459
35312243,55862590
35312245,2397766
35312257,2453022
35312263,2436957
35312267,2456828
35312271,2487784
35312273,2442986
35312277,2432286
35312279,2504662
35312289,2357536
35312297,2475321
35312297,2360899
35312305,2449881
35312305,2458833
35312309,2488125
35312311,2512082
35312323,2447466
35312323,2397374
35312327,2370568
35312327,133137
35312331,148123
35312331,116558
35312333,114327
35312335,149673
35312339,137612
35312341,117870
35312343,112652
35312347,142169
35312349,83123
35312351,2508533
35312353,2428184
35312377,773418
35312405,768888
35312417,737518
35312453,742080
35312455,739672
35312461,751648
35312465,753442
35312469,754542
35312471,769330
35312483,776745
35312485,746203
35312485,737514
35312493,3303
35312495,3796
35312507,1533
35312511,3576
35312513,4145
35312521,2438757
35312525,2466597
35312527,2515213
35312531,2492042
35312533,2475688
35312539,2516689
35312545,2456611
35312555,4063
35312573,2427936
35312575,2430480
35312587,2515048
35312599,2525060
35312603,2520897
35312609,2430610
35312629,2445763
35312631,2434562
35312633,2429680
35312647,2518975
35312651,2524847
35312655,2388199
35312659,2468579
35312665,2393370
35312667,2521691
35312675,2486662
35312681,3534
35312685,3369
35312687,2372071
35312689,2478038
35312691,2507854
35312691,2521358
35312691,2471217
35312693,2360179
35312701,2391585
35312701,4079
35312703,2368947
35312703,2515048
35312703,2458410
35312703,2418244
35312703,2498304
35312705,2507854
35312705,2469081
35312705,2459269
35312705,2459115
35312709,2386255
35312709,2380358
35312711,2521015
35312721,2396707
35312727,2482950
35312731,2446664
35312735,2428636
35312737,2515157
35312739,2394000
35312745,2427422
35312747,2483163
35312747,2389559
35312753,2465512
35312753,2385746
35312757,2412798
35312759,2372070
35312761,2498306
35312765,2426709
35312765,2430683
35312765,2430632
35312767,2437269
35312777,2486938
35312779,2486982
35312779,2486673
35312781,455834
35312785,455975
35312789,455997
35312791,455830
35312793,455835
35312797,455868
35312799,455888
35312803,456100
35312807,455950
35312809,455968
35312809,455980
35312817,455839
35312821,455836
35312825,456777
35312827,455860
35312831,458278
35312839,455869
35312843,455923
35312851,455838
35312853,456445
35312855,455831
35312857,455982
35312865,457007
35312867,455865
35312875,456363
35312879,455922
35312879,455442
35312887,455976
35312891,456000
35312897,456076
35312901,455903
35312905,455992
35312907,458216
35312909,455840
35312911,455843
35312915,455875
35312923,458211
35312925,449704
35312927,444403
35312929,455972
35312933,457414
35312939,455898
35312943,379188
35312943,455985
35312955,441588
35312955,431361
35312955,455825
35312961,434984
35312965,444148
35312971,456740
35312977,455883
35312983,457351
35312989,456936
35312991,455853
35312993,457316
35312995,468750
35312999,466875
35313005,456283
35313011,467172
35313019,455877
35313023,458008
35313025,455954
35313027,456001
35313029,456003
35313031,455856
35313037,456804
35313051,468084
35313053,456517
35313055,380894
35313055,456456
35313061,455842
35313065,466869
35313067,468077
35313071,455906
35313077,468066
35313079,332523
35313085,467082
35313087,468067
35313097,468062
35313099,466890
35313099,466913
35313103,468798
35313105,467005
35313115,332469
35313117,467016
35313119,467073
35313121,468739
35313125,455909
35313127,2453311
35313133,332482
35313137,468739
35313143,349871
35313151,466884
35313153,466868
35313163,349865
35313167,467077
35313169,467032
35313171,466956
35313173,467039
35313175,347245
35313185,468739
35313189,466878
35313193,154826
35313193,159386
35313195,418463
35313197,418446
35313203,418450
35313207,418453
35313209,418517
35313209,418897
35313215,418500
35313221,349874
35313223,350376
35313225,349877
35313229,349912
35313231,349878
35313231,349881
35313233,349935
35313241,349951
35313243,458245
35313243,349873
35313257,375736
35313259,349860
35313259,350401
35313265,349882
35313267,375732
35313267,375821
35313271,2124771
35313281,2121026
35313285,2123376
35313349,2124187
35313377,2120266
35313397,2120957
35313403,2122643
35313407,2081399
35313427,2123221
35313431,2105646
35313457,2050862
35313461,2121755
35313465,2120092
35313479,2124263
35313483,2123176
35313493,2124351
35313495,2122832
35313497,2014199
35313519,2121638
35313547,2043161
35313549,1997196
35313571,2124582
35313573,2049384
35313577,2114353
35313583,2121837
35313585,2122299
35313591,2121773
35313595,2120096
35313599,2121282
35313601,2120162
35313603,12516124
35313605,2123844
35313609,2121468
35313631,2035865
35313647,2100018
35313653,2123268
35313661,2081799
35313685,2120420
35313697,2120169
35313703,2122796
35313709,2265127
35313711,2048656
35313715,2093195
35313719,2120474
35313721,2123295
35313727,2121564
35313735,2121952
35313737,2264769
35313765,2264212
35313773,1985853
35313775,2075821
35313779,2120762
35313785,2056929
35313785,2122669
35313791,2121610
35313811,2122740
35313817,924755
35313833,2119952
35313839,2260091
35313841,2122265
35313853,2112237
35313855,2068881
35313863,1997422
35313871,2112052
35313875,2045375
35313879,2123750
35313891,2052550
35313893,2123237
35313895,2122044
35313897,2121396
35313899,2108210
35313905,2120762
35313905,2123272
35313907,2090044
35313909,2122296
35313915,572370
35313961,865157
35313967,574450
35313977,568301
35314009,887274
35314017,565346
35314025,2107622
35314035,2095679
35314039,2006387
35314055,894959
35314069,899981
35314079,845805
35314081,846465
35314085,908107
35314099,2123063
35314103,894423
35314111,887229
35314117,854823
35314127,909712
35314129,852836
35314139,853681
35314143,854807
35314153,2123556
35314161,892828
35314169,554061
35314175,478363
35314189,558544
35314193,475630
35314219,830186
35314235,833052
35314243,649939
35314247,2123532
35314251,493421
35314255,2121137
35314265,834406
35314279,834463
35314285,2075337
35314321,1994944
35314331,729549
35314349,2122653
35314351,727378
35314363,496267
35314365,2022744
35314409,828404
35314427,528861
35314507,645686
35314513,648351
35314529,923607
35314577,510685
35314607,2123418
35314661,924943
35314669,708287
35314687,979721
35314689,795429
35314723,937883
35314729,823382
35314745,924309
35314769,908572
35314771,862592
35314787,897380
35314807,656958
35314823,2123260
35314825,2122471
35314827,551890
35314829,685783
35314829,638242
35314831,505120
35314833,493750
35314833,488908
35314833,498842
35314837,859485
35314879,14979
35314949,13911
35314973,576717
35314991,603259
35315011,28869
35315011,36615
35315011,30079
35315021,727349
35315023,973540
35315023,640161
35315023,731497
35315023,667931
35315023,646099
35315023,708228
35315023,729028
35315023,645877
35315023,648820
35315023,645458
35315023,726928
35315023,970693
35315025,35375
35315025,44418
35315031,576717
35315031,608105
35315035,575961
35315039,611317
35315043,26062
35315043,30720
35315043,34503
35315043,13527
35315043,26042
35315045,31931
35315049,24522
35315051,2124507
35315075,2028717
35315079,2056386
35315081,2044177
35315083,2006654
35315097,2344042
35315101,2343976
35315113,2343932
35315117,2344354
35315125,1947132
35315133,1947064
35315139,2086230
35315141,2344246
35315143,1947119
35315147,922163
35315151,883375
35315159,881867
35315193,536981
35315209,576199
35315223,880218
35315239,881802
35315243,725300
35315311,881864
35315319,877873
35315327,532697
35315329,877765
35315333,940573
35315355,880646
35315357,716085
35315367,880584
35315371,870605
35315375,870151
35315377,944772
35315383,851116
35315401,839334
35315403,943828
35315411,710284
35315417,839209
35315423,942994
35315425,724196
35315431,840430
35315437,840682
35315455,536151
35315457,839671
35315485,536153
35315493,714186
35315499,482940
35315503,483096
35315507,575627
35315513,837068
35315531,2343949
35315547,2344351
35315567,469713
35315571,961691
35315585,719475
35315587,948017
35315591,945294
35315599,2344345
35315599,2344345
35315609,963291
35315615,711438
35315619,2343862
35315623,2343843
35315641,2343732
35315647,954997
35315653,2343682
35315659,2344285
35315691,721567
35315693,959973
35315693,946738
35315701,2344210
35315715,713571
35315735,724236
35315741,950710
35315755,1257405
35315777,961265
35315785,2344073
35315785,2344073
35315821,1962022
35315831,1442364
35315837,1353357
35315841,2346132
35315843,1941765
35315845,1967735
35315849,1352629
35315855,1352652
35315859,1352997
35315861,1352831
35315863,1352908
35315881,711089
35315885,530634
35315889,851128
35315891,725746
35315911,720187
35315921,719846
35315923,1968438
35315923,1968902
35315927,725383
35315931,718431
35315933,721535
35315935,532373
35315939,614274
35315939,483301
35315943,835315
35315951,2344116
35315957,724706
35315959,724706
35315961,717162
35315967,631121
35316021,616113
35316033,586242
35316037,752101
35316051,617150
35316059,575439
35316107,775246
35316107,766829
35316107,753692
35316111,925375
35316113,2122201
35316127,925974
35316127,919163
35316143,2056764
35316147,2123390
35316151,2123805
35316161,921237
35316179,936812
35316231,545801
35316255,814636
35316283,480080
35316291,784067
35316303,805328
35316343,816011
35316373,877543
35316381,818054
35316383,782490
35316389,869897
35316393,698064
35316397,627791
35316399,613836
35316401,544374
35316401,538800
35316401,551801
35316407,818717
35316413,781514
35316419,676757
35316449,588765
35316461,1399773
35316465,1395592
35316475,1403443
35316481,1394447
35316483,954888
35316491,1387660
35316497,1386245
35316503,1403768
35316511,1407726
35316515,1510193
35316523,1388465
35316529,1305860
35316535,1393672
35316535,1395592
35316537,1439910
35316539,1329593
35316561,1447577
35316565,1528335
35316569,1449552
35316571,1558483
35316573,1475405
35316575,1283966
35316587,1528908
35316629,1449526
35316631,1474592
35316633,1446819
35316635,1449667
35316641,1291117
35316643,1261704
35316645,1564403
35316649,1572945
35316651,1564855
35316665,1566111
35316669,1261926
35316671,1262954
35316673,1369423
35316677,1569925
35316679,1555584
35316685,1467052
35316687,1568707
35316689,1467135
35316691,1544986
35316697,1584914
35316699,1466697
35316701,1588087
35316705,1265682
35316713,1586550
35316715,1548332
35316719,1265776
35316731,1556319
35316751,1563426
35316757,1586625
35316759,1588708
35316769,1588443
35316771,1582804
35316785,1580584
35316787,1579829
35316789,1589018
35316791,1586005
35316797,1366225
35316803,1450016
35316805,1377308
35316805,1377436
35316831,1360922
35316833,1364703
35316847,1358594
35316851,1325594
35316859,2295389
35316863,1979433
35316875,2211104
35316877,1979424
35316893,2295390
35316899,2211313
35316901,2211404
35316905,1979452
35316905,1970761
35316907,2254427
35316989,2254796
35316995,2210800
35316997,2295049
35317011,2295051
35317025,2295053
35317029,2295013
35317039,2295015
35317051,1939847
35317055,2295466
35317059,2269173
35317067,2294989
35317077,2295057
35317081,2295058
35317083,2295031
35317113,2295038
35317151,2294996
35317155,1940119
35317155,1940305
35317159,2211252
35317163,1939629
35317163,1939660
35317171,2254466
35317175,2295062
35317181,2294816
35317195,2211096
35317223,1937801
35317237,2268265
35317241,1939717
35317261,2295383
35317267,2295402
35317301,2268266
35317309,2295404
35317313,2294864
35317335,1939873
35317365,2295148
35317369,2295101
35317375,2291992
35317387,2295106
35317389,1939096
35317407,2295194
35317415,2295184
35317427,2295413
35317429,2295202
35317445,2295206
35317455,1939874
35317459,2295207
35317463,2295170
35317489,1958237
35317491,2295417
35317495,1312120
35317507,2295264
35317509,1313084
35317515,2295273
35317523,2295420
35317527,2295255
35317529,1958930
35317537,2295421
35317541,2295297
35317543,2295300
35317567,1427518
35317569,1313090
35317579,1316517
35317587,1313574
35317589,1428499
35317595,2295381
35317597,2294865
35317599,2294871
35317601,2295405
35317603,1436385
35317615,2295401
35317621,2282863
35317623,2295424
35317627,1315369
35317633,1939987
35317635,1521857
35317639,1522330
35317645,1522328
35317651,1431254
35317653,1433451
35317657,1432100
35317659,1430580
35317669,1285463
35317671,1522558
35317673,1938248
35317677,1522006
35317689,1524420
35317695,1521600
35317707,1521420
35317709,1525969
35317715,1427775
35317723,1453742
35317725,1451962
35317733,2255894
35317733,2255894
35317743,2120447
35317747,1951905
35317753,1947581
35317759,1952019
35317831,1952021
35317831,1951874
35317833,2255239
35317853,1103588
35317857,1049640
35317859,1099853
35317865,1102240
35317869,1100781
35317875,1101544
35317877,1100661
35317879,1106490
35317887,1103457
35317889,1102770
35317893,1105113
35317895,1103644
35317903,1100182
35317907,1103465
35317909,1101955
35317911,1103898
35317919,1099805
35317921,1099825
35317923,2351368
35317925,1104177
35317927,1102170
35317931,1105454
35317939,1105149
35317941,1106483
35317943,1100834
35317945,2351024
35317949,1103368
35317951,1105825
35317957,1103816
35317959,1106150
35317963,1105223
35317963,1100968
35317965,2149771
35317967,2141227
35317969,12577998
35317973,2141180
35317975,2141253
35317977,2141203
35317983,2141179
35317987,2141181
35317995,2137905
35317997,2141210
35318005,2141176
35318013,2138121
35318017,2138124
35318041,2147993
35318049,2148015
35318053,2147988
35318055,2147992
35318057,2149077
35318059,2149765
35318065,2171292
35318067,2149760
35318075,2149759
35318081,2148006
35318117,2145613
35318127,2148058
35318135,2171300
35318181,2171290
35318193,2150551
35318199,2154146
35318209,1132556
35318213,2171287
35318219,2154552
35318231,1132463
35318287,2168381
35318345,2168339
35318353,2145605
35318391,2145614
35318399,2145615
35318405,2168345
35318443,2168342
35318467,2167870
35318491,2137084
35318499,2156954
35318501,2157249
35318501,2156959
35318525,2137104
35318557,2135024
35318563,2172742
35318595,2172743
35318621,2163870
35318633,2137092
35318635,2137081
35318667,2127873
35318671,1117378
35318679,2158439
35318705,2132575
35318707,2127882
35318711,2163885
35318715,2158433
35318719,2132577
35318743,2163869
35318747,2163883
35318765,2133710
35318771,2158434
35318785,2133709
35318789,2132580
35318801,2133118
35318805,2132582
35318811,2142708
35318833,1117818
35318839,2146704
35318841,2142715
35318849,2166474
35318883,2166103
35318903,2166478
35318915,2160694
35318923,2160700
35318927,2306190
35318931,2166476
35318947,2166484
35318969,1225134
35318975,1226063
35318977,1225109
35318981,1225759
35318981,1139744
35318983,1017780
35318985,1226140
35318989,1226180
35319001,1196157
35319005,1226058
35319011,1226190
35319017,1225643
35319031,1225941
35319037,1252649
35319043,1225950
35319047,1252375
35319049,1226118
35319055,1226113
35319059,1226170
35319073,1093886
35319073,28816906
35319073,1132445
35319073,1130853
35319073,1132444
35319073,1132599
35319073,1132567
35319073,2345969
35319081,1132467
35319089,1132466
35319097,1132523
35319097,1132447
35319097,1132578
35319101,1118179
35319103,2137085
35319103,2137083
35319107,2127866
35319109,1117447
35319125,1225983
35319131,2159909
35319137,2168606
35319139,1132482
35319139,1132578
35319139,28808158
35319145,2172739
35319147,1132481
35319149,2163866
35319151,2306185
35319151,2298866
35319151,2306179
35319151,2306188
35319151,2306179
35319157,2143698
35319175,2144789
35319183,1915247
35319191,1017403
35319205,2294836
35319207,1915160
35319209,1915203
35319215,2294892
35319221,2295384
35319225,2294940
35319233,1154632
35319235,1141153
35319237,1141037
35319239,1047908
35319245,1155106
35319247,1048167
35319255,1046138
35319257,1048523
35319261,1048324
35319263,1048463
35319265,1154726
35319265,1154781
35319265,1153992
35319269,1154698
35319273,1047175
35319309,2124288
35319311,1118108
35319313,2122757
35319319,1118372
35319331,1116952
35319341,1118438
35319341,1118085
35319391,1117573
35319391,1117103
35319395,1117185
35319397,2141170
35319407,1117096
35319409,1118417
35319409,1117127
35319409,28367050
35319409,1117817
35319413,90002747
35319415,2400849
35319417,2464118
35319417,2457268
35319417,2487889
35319417,149361
37157337,2110973
37157346,2121897
37157364,2124106
37157418,2123856
37157427,2080831
37157436,1997606
37157481,2065754
37157544,2149770
37157553,2149763
37157580,2120036
37157616,2121186
37157643,2120758
37157697,1989881
37157733,2072941
37157769,2143699
37157778,2121404
37157787,2261207
37157796,2122273
37157814,2264332
37157904,1969888
37157922,2270791
37158030,2343741
37158066,1969901
37158111,2272526
37158120,2272525
37158210,2270294
37158291,2272571
37158291,2272540
37158399,2272581
37158417,2213336
37158453,2343814
37158498,1936594
37158516,2220377
37158579,1978501
37158768,2254664
37158813,2255062
37158930,1977526
37158948,2254333
37158966,1972294
37159029,2254824
37159092,1970797
37159461,2294966
37159488,2254917
37159659,2010343
37159695,2228976
37159731,1979455
37159740,1935631
37159749,2254914
37159767,2232705
37159776,2253355
37159803,1383391
37159821,1397077
37159839,1396803
37159848,1404451
37159884,1383729
37159893,1278252
37159902,1395007
37159911,1398795
37159920,1402336
37159947,1307826
37159965,1306666
37159992,1396269
37160001,455901
37160010,346058
37160019,346061
37160046,349901
37160055,349875
37160064,468746
37160082,466962
37160091,466929
37160100,332345
37160109,332472
37160136,332498
37160136,332471
37160145,466871
37160154,468697
37160163,467001
37160208,2323
37160217,2331
37160226,8676
37160244,8734
37160253,2180
37160271,8775
37160280,9861
37160298,9885
37160307,9889
37160316,2452190
37160325,2430513
37160334,2497646
37160343,2516408
37160361,2364681
37160370,2524457
37160379,2431572
37160379,2480846
37160388,2367749
37160397,2400539
37160397,2498305
37160406,2362495
37160424,2448929
37160433,2464337
37160442,2379552
37160451,2461466
37160478,2487610
37160505,2479567
37160550,2480201
37160559,2383489
37160604,2488042
37160604,2488142
37160604,2487956
37160604,2463583
37160604,2362930
37160685,2407517
37160703,2453280
37160730,2508485
37160784,2488867
37160811,2408557
37160820,2488117
37160829,2354141
37160865,2411084
37160865,2490057
37160865,2449808
37160865,2471390
37160874,2442818
37160883,2485063
37160919,2375847
37160937,2422639
37160946,2436669
37160955,114607
37160973,124785
37160982,116565
37160982,123367
37161009,124474
37161018,124050
37161018,149893
37161027,128688
37161036,118385
37161045,131068
37161054,141150
37161063,115266
37161072,134091
37161081,150414
37161099,2525107
37161126,2436704
37161144,124162
37161153,2371675
37161162,2401279
37161207,9848
37161216,2368481
37161252,2352640
37161270,980389
37161279,10243
37161315,19344
37161342,21125
37161360,15178
37161432,15829
37161495,12056
37161585,26734
37161585,28218
37161594,581787
37161621,3134
37161639,3263
37161657,3671
37161675,3444
37161684,3050
37161693,3051
37161702,2512626
37161720,2453840
37161720,2402292
37161756,762761
37161801,762399
37161810,761766
37161864,752212
37161909,755404
37161945,1538412
37162017,1252983
37162062,1542191
37162098,1461080
37162116,1343603
37162134,1419710
37162152,1333004
37162170,1341349
37162179,1347063
37162188,1330595
37162197,1341678
37162242,1328360
37162260,1345769
37162269,774508
37162305,468394
37162332,368239
37162332,368151
37162341,468425
37162341,468476
37162350,395270
37162359,368173
37162395,395271
37162404,395272
37162422,468382
37162431,468435
37162449,468433
37162467,468388
37162476,468401
37162485,368171
37162521,468391
37162530,468389
37162539,468441
37162566,368159
37162575,376765
37162584,368160
37162584,368150
37162593,468426
37162602,368168
37162611,2418117
37162629,2438841
37162647,2467064
37162683,2389335
37162728,2457170
37162755,2414469
37162782,2456416
37162827,2487492
37162836,2356566
37162872,2411868
37162908,2378695
37162944,2497370
37162962,2428347
37163007,2443050
37163034,2408283
37163079,2352337
37163088,2357383
37163169,2357287
37163178,2383661
37163205,2453369
37163214,2489314
37163232,2393259
37163250,2393127
37163304,2503713
37163322,2467937
37163331,2467580
37163358,2487180
37163358,2503863
37163376,2511861
37163394,2405895
37163412,2457027
37163421,57024
37163430,2432044
37163439,63817
37163448,55965461
37163475,161435
37163493,107681
37163502,2378317
37163511,2460389
37163511,2512636
37163520,2378426
37163529,2471666
37163538,2399543
37163556,2374643
37163574,2475160
37163583,2359659
37163601,2402731
37163628,2429863
37163646,2405956
37163673,2440351
37163682,2424656
37163691,2520100
37163718,2414598
37163727,2391231
37163772,2493227
37163781,2441761
37163817,2509340
37163826,2512025
37163871,2457240
37163889,2418681
37163934,2359991
37163961,2384304
37163988,2424721
37163997,2505027
37164006,2408583
37164033,2407347
37164042,2385304
37164060,2436565
37164060,134818
37164069,2417649
37164078,140644
37164087,134047
37164096,137337
37164114,55893320
37164141,150695
37164159,116546
37164168,116655
37164177,133707
37164186,134889
37164195,141169
37164204,148261
37164231,2370857
37164249,2412837
37164249,2406080
37164249,2388929
37164258,2468963
37164258,2360438
37164258,2424766
37164267,116564
37164267,116545
37164303,579833
37164339,769112
37164366,763246
37164429,773998
37164501,765455
37164591,777341
37164798,761869
37164825,740118
37164906,767100
37164915,748789
37164933,778899
37164942,755078
37164951,3198
37164996,3496
37165005,2427563
37165041,2445735
37165050,2353663
37165068,2358941
37165086,4177
37165095,2473609
37165104,4091
37165113,4140
37165122,2413753
37165131,2515248
37165140,4100
37165149,4107
37165203,2486545
37165221,2482949
37165230,2384019
37165266,2371464
37165266,4372
37165293,2489059
37165338,2436453
37165383,2360052
37165401,2400052
37165410,2428578
37165455,2506911
37165464,2495968
37165473,2398466
37165482,2476012
37165509,2459586
37165518,2367480
37165581,2374515
37165617,2353991
37165635,2433742
37165662,2383660
37165680,2427032
37165689,2525187
37165716,2389876
37165770,2365649
37165824,3534
37165842,2520583
37165842,2490116
37165851,2473224
37165851,2360995
37165896,2515439
37165896,2451822
37165905,2412843
37165914,2391585
37165914,4079
37165914,2354842
37165914,2475052
37165923,2429708
37165923,2409153
37165923,2357467
37165923,2379574
37165923,2398255
37165923,2400737
37165923,2515434
37165932,2396068
37165932,2442564
37165932,2367105
37165932,2458019
37165932,2487386
37165941,2406008
37165950,2459115
37165950,2498846
37165959,2368028
37165968,2480537
37165977,2351561
37166013,2443945
37166022,2483357
37166031,2391446
37166040,2477868
37166049,2390198
37166058,2444768
37166076,2383559
37166085,2353963
37166103,2361993
37166121,455833
37166130,455887
37166148,455872
37166157,457797
37166166,457089
37166166,455874
37166175,456995
37166220,455880
37166229,455841
37166247,456249
37166256,455966
37166265,455920
37166265,455829
37166301,457302
37166319,455907
37166328,455886
37166337,456385
37166373,457121
37166382,455965
37166400,457114
37166418,455964
37166427,456304
37166436,455956
37166445,455932
37166490,456196
37166508,455934
37166526,455911
37166535,455847
37166553,457382
37166562,457476
37166607,455984
37166643,455902
37166679,455905
37166706,455844
37166706,455666
37166724,455879
37166733,455933
37166742,455891
37166760,426480
37166787,455937
37166859,455832
37166868,455827
37166868,449139
37166886,455998
37166895,456702
37166904,455913
37166913,455960
37166940,455991
37166967,456564
37166976,455900
37166985,455822
37166985,458051
37166994,455866
37167021,455895
37167057,455873
37167066,456892
37167075,457424
37167093,466882
37167093,379177
37167102,466870
37167111,467079
37167120,457152
37167129,455941
37167138,455990
37167156,456510
37167165,467040
37167174,466978
37167192,455908
37167210,455988
37167219,457705
37167228,455939
37167237,468053
37167237,455989
37167264,332475
37167264,468056
37167273,332510
37167291,455897
37167336,332485
37167345,466862
37167354,466979
37167363,332026
37167381,467074
37167390,466880
37167417,466996
37167426,466877
37167444,466993
37167453,468065
37167453,468108
37167489,468739
37167525,455819
37167534,379192
37167561,56066918
37167561,455837
37167570,455919
37167579,445087
37167597,455820
37167651,467208
37167669,332478
37167678,349883
37167687,467058
37167795,466874
37167822,466879
37167858,468739
37167867,56064313
37167903,467068
37167921,58468
37167921,365590
37167930,79151
37167930,1190025
37167939,374482
37167948,375744
37167966,375740
37167975,418461
37167984,420483
37167993,420184
37168002,418454
37168020,418444
37168029,418442
37168038,418556
37168056,349966
37168065,349862
37168092,349923
37168137,375733
37168146,418441
37168146,418440
37168146,400570
37168173,349863
37168218,375742
37168245,1983940
37168344,2058348
37168497,2103766
37168515,2121314
37168650,2121230
37168668,2123555
37168677,2123358
37168731,2124305
37168767,2121412
37168794,2123528
37168812,2021799
37168821,2120446
37168866,2027145
37168893,2123849
37168920,2111479
37168938,2099632
37168947,2121371
37168983,2121068
37169082,2124427
37169109,2015796
37169262,2121267
37169406,2112165
37169433,2124390
37169505,2120099
37169559,1980971
37169613,2076595
37169640,2120418
37169676,2123285
37169703,2097243
37169766,2119917
37169784,1990621
37169838,2047953
37169856,2122479
37169874,2122703
37169892,2258896
37169955,2120450
37169964,2123828
37169973,2094282
37170000,2123336
37170018,2107499
37170027,2120151
37170090,2264365
37170144,2120828
37170153,2122142
37170162,2264962
37170234,2045592
37170243,2260839
37170261,2261214
37170288,2005774
37170423,2123792
37170459,2123913
37170486,2080463
37170513,2121890
37170522,2121749
37170531,1997787
37170540,2004103
37170585,2124045
37170594,2055851
37170630,2047630
37170648,568568
37170657,2018500
37170702,908519
37170720,2079033
37170855,571609
37171215,845743
37171359,844634
37171413,2088876
37171431,890869
37171449,553314
37171458,856069
37171530,892193
37171548,558711
37171566,2077060
37171629,852080
37171692,477231
37171728,553065
37171737,556053
37171782,2109591
37171809,557827
37171845,479616
37171854,7224124
37171872,829496
37171890,828110
37171899,492781
37171944,828064
37171953,672826
37171989,510583
37172007,825848
37172061,641148
37172079,2003974
37172106,495423
37172133,2048453
37172151,486134
37172160,823999
37172187,823657
37172412,825978
37172538,640831
37172583,673361
37172790,2121788
37172871,2034668
37172907,653592
37172952,918233
37173006,665077
37173051,923391
37173060,923866
37173078,526363
37173159,643134
37173222,925750
37173285,2120220
37173348,932520
37173474,940165
37173483,643228
37173573,795793
37173699,796166
37173798,935810
37173861,922221
37173906,919262
37173969,787461
37174104,894732
37174167,2122597
37174212,641142
37174230,683477
37174266,505477
37174311,680564
37174311,651222
37174338,895929
37174347,554061
37174356,554890
37174365,556728
37174365,554890
37174374,475457
37174392,2117911
37174401,676864
37174419,935486
37174428,924938
37174437,2476220
37174446,922137
37174455,687337
37174491,41415
37174572,17044
37174788,731664
37174896,18382
37174941,582681
37175058,974484
37175103,620108
37175184,619163
37175202,25211
37175211,733075
37175211,726874
37175211,727232
37175211,729636
37175265,966591
37175265,968019
37175265,970013
37175265,731664
37175274,32997
37175292,726928
37175310,32452
37175409,2121845
37175418,1965835
37175481,2343680
37175517,2344290
37175526,2344192
37175535,1947073
37175553,1947089
37175643,2343786
37175697,803660
37175742,530779
37175886,782538
37175931,866307
37175985,813653
37176093,919507
37176102,710203
37176129,868025
37176174,849471
37176210,872551
37176246,936524
37176255,850030
37176282,867987
37176318,939240
37176345,850288
37176363,868562
37176372,879084
37176417,915458
37176462,881854
37176471,710404
37176516,849901
37176660,938848
37176894,850191
37176930,840155
37176939,838798
37176957,839546
37177029,839722
37177074,838699
37177119,839845
37177326,711892
37177362,715550
37177371,2344539
37177398,2344169
37177407,2344244
37177443,2344140
37177488,481746
37177551,2343729
37177614,2344446
37177650,2343810
37177659,2343859
37177722,2344174
37177731,725863
37177812,959401
37177821,718268
37177866,2344286
37177929,2343920
37177938,2343840
37177956,2344125
37177965,963641
37178019,2344271
37178064,2343733
37178091,954124
37178100,1442746
37178136,1441957
37178226,1442475
37178343,1947143
37178352,1441859
37178370,948008
37178406,1441858
37178415,841546
37178451,841452
37178514,1442490
37178550,1255283
37178568,1442559
37178586,1947123
37178586,1947122
37178622,1352914
37178631,1352880
37178667,1968222
37178676,1352832
37178694,1525120
37178748,921052
37178748,929398
37178757,784201
37178775,725791
37178865,720194
37178874,2484261
37178874,537842
37178910,953167
37178919,1256350
37178946,1947140
37178955,1947218
37178955,1947075
37178955,1353281
37178973,719400
37178973,718345
37178973,710893
37178973,714505
37178991,535658
37179000,725003
37179018,711080
37179036,717348
37179036,720627
37179036,715496
37179063,722232
37179063,719258
37179063,713081
37179063,710882
37179072,2329471
37179072,2344116
37179081,1968206
37179081,1968018
37179144,619598
37179198,623868
37179207,593720
37179360,628879
37179360,610264
37179360,575609
37179387,609125
37179396,579813
37179396,612977
37179396,614326
37179414,1256487
37179432,1256562
37179441,1254427
37179468,582041
37179639,628061
37179648,923969
37179711,920966
37179720,2015795
37179837,2055431
37179927,820323
37179945,818511
37179963,921727
37179990,684294
37180008,922771
37180260,650437
37180305,815442
37180350,538800
37180377,817315
37180422,807392
37180449,881258
37180467,783161
37180467,23512200
37180485,938538
37180503,928075
37180575,782745
37180575,784254
37180638,816031
37180674,856440
37180701,817719
37180710,867436
37180764,927589
37180773,783219
37180863,916645
37180881,664942
37180881,658421
37180881,673711
37180881,706329
37180881,650272
37180881,673515
37180881,698064
37180980,816298
37180989,804365
37181088,615134
37181097,577483
37181133,576106
37181142,628971
37181160,581232
37181169,614248
37181205,610907
37181205,630908
37181205,4352
37181232,1384009
37181268,1508353
37181313,1383593
37181322,1265975
37181394,1390643
37181439,1299700
37181457,1405236
37181520,1408830
37181529,1299593
37181556,1383436
37181565,1404447
37181709,1330197
37181736,1326075
37181736,1485959
37181745,1527045
37181772,1443415
37181781,1447575
37181799,1528643
37181907,1511263
37182006,1269399
37182015,1442808
37182051,1282253
37182069,1289636
37182105,1293042
37182114,1264710
37182132,1444024
37182141,1449503
37182150,1474554
37182159,1261906
37182177,1290616
37182186,1261924
37182195,1258365
37182204,1261531
37182240,1569006
37182249,1365676
37182267,29389936
37182285,1467072
37182294,1464974
37182303,1466847
37182321,1265544
37182339,1265886
37182348,1464954
37182357,1466575
37182366,1588368
37182402,1265547
37182438,1265658
37182483,1558163
37182483,1550363
37182492,1563424
37182501,1465188
37182519,1587720
37182555,1588711
37182573,1579785
37182600,1352389
37182618,1588424
37182636,1586729
37182672,1581909
37182699,1589551
37182717,1586361
37182726,1588375
37182744,1581711
37182771,1528488
37182780,1588588
37182789,1582882
37182825,1410232
37182852,1359340
37182942,1324195
37182951,1979441
37182996,2198674
37183059,2286457
37183230,2294972
37183239,2294981
37183257,2211269
37183329,2294999
37183455,2255308
37183500,1940631
37183554,2254392
37183599,2295010
37183608,2254463
37183680,2295054
37183716,2295017
37183743,2211372
37183896,2211490
37183950,2295029
37184013,2218961
37184022,2295399
37184031,2295034
37184058,2295035
37184112,2295377
37184139,1939801
37184139,1939574
37184139,1939673
37184229,2295378
37184256,2295392
37184292,2295060
37184445,2295043
37184463,2295380
37184499,1940517
37184625,2295108
37184661,1939542
37184751,2295407
37184778,2268227
37184787,2295408
37184841,2295403
37184949,1939897
37185003,1939791
37185057,2295145
37185093,2291984
37185129,2295104
37185255,29033054
37185327,2295198
37185345,1939566
37185453,2295229
37185498,2295230
37185561,2295209
37185579,2295246
37185597,2295172
37185615,2295251
37185624,2295173
37185687,2295216
37185723,2295218
37185777,2295265
37185786,1959148
37185840,1959089
37185858,2295294
37185876,2295304
37185885,2295306
37185903,2295323
37185984,1315530
37186011,1316992
37186047,1319153
37186056,2295426
37186092,459204
37186164,2294880
37186182,2295414
37186227,2211024
37186308,1526037
37186335,1429985
37186335,1431005
37186362,1432525
37186371,1435965
37186416,1477596
37186452,1522927
37186524,1521258
37186551,1521801
37186560,1522785
37186596,1526398
37186614,1521643
37186614,1521894
37186704,1528497
37186749,2120636
37186776,1952009
37186785,1951907
37186794,1952038
37186821,1951869
37186830,2254288
37186848,2254335
37186938,2255311
37187010,2254319
37187073,1936432
37187118,2255086
37187127,2256236
37187127,2256059
37187145,1101597
37187163,1100908
37187172,1105126
37187226,1101908
37187262,1100935
37187280,1106119
37187298,1102185
37187307,1095129
37187316,1099969
37187343,1105864
37187361,1101749
37187388,1103611
37187406,1106636
37187415,1105137
37187460,1106771
37187469,1105131
37187478,1102397
37187487,1106324
37187496,1101829
37187505,1106412
37187514,1102701
37187523,1100282
37187532,2349746
37187541,15021756
37187550,2350462
37187577,2348582
37187586,2350750
37187604,1101669
37187613,1106563
37187622,2348327
37187631,2350910
37187640,1102670
37187649,1096764
37187649,1098081
37187658,1099836
37187676,2266535
37187712,2141169
37187721,2141240
37187766,2141172
37187766,2141168
37187793,2149768
37187856,2138141
37187892,2138127
37187910,2148005
37187946,2147991
37187955,2138122
37187973,2148332
37187991,2147994
37188009,2147989
37188036,2171688
37188144,2147990
37188144,1093951
37188369,2150561
37188396,1079132
37188495,2156963
37188621,1132475
37188774,2168333
37188909,2345965
37188999,2168387
37189035,2168348
37189053,2168327
37189107,2171289
37189125,2138941
37189188,2168340
37189269,2168328
37189323,1121683
37189323,1132502
37189404,2154554
37189467,2156967
37189494,2167581
37189521,1132481
37189674,2172736
37189692,2172737
37189737,2172738
37189809,2145616
37189944,1118368
37189998,2172818
37190007,2127871
37190016,1117690
37190034,2172744
37190070,2172747
37190079,1117548
37190241,1118112
37190295,2127869
37190358,2157635
37190421,2137093
37190430,2172746
37190448,2163871
37190493,2137088
37190592,2163891
37190610,2158471
37190637,2127875
37190682,2163873
37190691,2158436
37190790,2158443
37190808,2163872
37190817,2163877
37190934,2163875
37190961,2132579
37191024,2158441
37191069,2142317
37191078,2158435
37191132,2132578
37191177,2132584
37191177,2132576
37191195,2141973
37191249,2132582
37191267,2142701
37191276,2133712
37191330,2160703
37191411,2146703
37191582,2140154
37191627,2146722
37191672,2161852
37191735,2161865
37191780,2160713
37191789,2160205
37191807,2161855
37191888,2161851
37191906,1252605
37191915,2166477
37191924,2161839
37191951,1236594
37191978,1236690
37191996,2162779
37192023,1225955
37192050,1015662
37192068,1225984
37192077,1252438
37192086,1226003
37192104,1226042
37192131,1225660
37192149,1225090
37192167,1226177
37192185,1225677
37192221,1198888
37192230,1199555
37192239,1226148
37192275,1233132
37192284,1225976
37192320,1199235
37192329,1252672
37192338,1252351
37192347,1226176
37192383,1199136
37192392,1225974
37192401,1140652
37192410,1154759
37192428,2148001
37192464,2147986
37192572,1117605
37192572,1110809
37192572,1117099
37192617,2132587
37192635,2161847
37192635,2161843
37192635,2161838
37192635,2161856
37192635,2161842
37192635,2161853
37192635,2161845
37192635,456312
37192635,2165352
37192662,2165352
37192671,1199477
37192680,1226093
37192680,1226163
37192680,1225961
37192680,1226148
37192680,1226147
37192680,1225614
37192680,1226146
37192680,1225941
37192680,1225448
37192680,1226057
37192680,56043512
37192680,1225557
37192680,1226056
37192689,1226117
37192716,2168257
37192725,1132441
37192734,2156957
37192752,1117620
37192752,1117227
37192761,1118285
37192779,1117759
37192797,2139967
37192824,2143692
37192860,2143695
37192878,2145159
37192887,2138942
37192932,1017659
37192977,2269179
37192977,2268643
37192986,2294819
37192995,2269178
37193112,1915182
37193139,1915035
37193139,1915168
37193148,2294886
37193184,2294909
37193202,2295386
37193202,2295385
37193202,2294918
37193265,1155194
37193292,1155114
37193310,1047862
37193328,1047179
37193346,1062155
37193355,1047180
37193364,1044316
37193373,1047065
37193382,1047846
37193391,1062005
37193400,1020725
37193427,1154803
37193436,2123764
37193454,2102742
37193463,2018708
37193472,2114682
37193544,2101262
37193589,1118021
37193598,1117927
37193634,1117797
37193661,1117148
37193742,1117776
37193895,1118292
37193895,1118400
37193904,1117438
37194057,1118129
37194066,1118217
37194084,1117810
37194084,1117881
37194102,1117807
37194111,1118368
37194111,1118495
37194111,1117545
37194111,1117185
37194111,1118029
37194111,15015372
37194111,15015370
37194120,2487870
37194120,2427665
37194120,2441472
37194120,2482250
37194120,2442047
37194120,2468964
37194129,1940345
